Ziekenhuisnummer*;Organisatienummer*;Naam organisatie;Naam ziekenhuis;Soort ziekenhuis;Adres;Postcode;Plaats;;postbus;postbusnr;Postcode;Plaats;Opmerking 1;Jaar
100101;100101;Academisch Medisch Centrum;Academisch Medisch Centrum;Academisch ziekenhuis;Meibergdreef 9;1105 AZ;Amsterdam Zuidoost;Postbus;1;22660;1100 DD;Amsterdam;;2014
100202;100201;Academische Ziekenhuis Maastricht;Academische Ziekenhuis Maastricht Sint Annadal;Buitenpolikliniek;Brouwersweg 100;6216 EG;Maastricht;Postbus;1;5800;6202 AZ;Maastricht;;2014
100201;100201;Academisch Ziekenhuis Maastricht;Academisch Ziekenhuis Maastricht;Academisch ziekenhuis;P. Debijelaan 25;6229 HX;Maastricht;Postbus;1;5800;6202 AZ;Maastricht;;2014
100301;100301;Albert Schweitzer Ziekenhuis;Albert Schweitzer Ziekenhuis Dordwijk;Algemeen ziekenhuis;A. Schweitzerplaats 25;3318 AT;Dordrecht;Postbus;1;444;3300 AK;Dordrecht;;2014
100304;100301;Albert Schweitzer Ziekenhuis;Albert Schweitzer Ziekenhuis Amstelwijck;Algemeen ziekenhuis;Van der Steenhovenplein 1;3317 NM;Dordrecht;Postbus;1;444;3300 AK;Dordrecht;;2014
100306;100301;Albert Schweitzer Ziekenhuis;Albert Schweitzer Ziekenhuis Buitenpoli GOED;Buitenpolikliniek;Jan Luykenstraat 8;2985 BV;Ridderkerk;postbus;1;444;3300 AK;Dordrecht;;2014
100303;100301;Albert Schweitzer Ziekenhuis;Albert Schweitzer Ziekenhuis Sliedrecht;Algemeen ziekenhuis;Wilhelminastraat 75;3361 XV;Sliedrecht;;1;444;3300 AK;Dordrecht;;2014
100305;100301;Albert Schweitzer Ziekenhuis;Albert Schweitzer Ziekenhuis Medisch Cnetrum Strijen;Buitenpolikliniek;Molenstraat 23a;3291 EE;Strijen;;1;444;3300 AK;Dordrecht;;2014
100302;100301;Albert Schweitzer Ziekenhuis;Albert Schweitzer Ziekenhuis Zwijndrecht;Algemeen ziekenhuis;Langeweg 336;3331 LZ;Zwijndrecht;;1;444;3300 AK;Dordrecht;;2014
100401;100401;Stichting Rijnstate;Rijnstate Ziekenhuis Rijnstate;Algemeen ziekenhuis;Wagnerlaan 55;6815 AD;Arnhem;postbus;1;9555;6800 TA;Arnhem;;2014
100404;100401;Stichting Rijnstate;Rijnstate Ziekenhuis Velp;Algemeen ziekenhuis;President Kennedylaan 100;6883 AZ;Velp Gld;;1;8;6880  AA;Velp;;2014
100402;100401;Stichting Rijnstate;Rijnstate Ziekenhuis Zevenaar;Algemeen ziekenhuis;Hunneveldweg 14A;6903 ZN;Zevenaar;;1;9000;6900 GA;Zevenaar;;2014
100403;100401;Stichting Rijnstate;Rijnstate Polikliniek Zuid;Buitenpolikliniek;Marga Klompélaan 6;6836 BH;Arnhem;Postbus;0;;;;;2014
100502;100501;Amphia Ziekenhuis;Amphia Ziekenhuis Langendijk;Algemeen ziekenhuis;Langendijk 75;4819 EV;Breda;Postbus;1;90157;4800 RL;Breda;;2014
100501;100501;Amphia Ziekenhuis;Amphia Ziekenhuis Molengracht;Algemeen ziekenhuis;Molengracht 21;4818 CK;Breda;Postbus;1;90158;4800 RK;Breda;;2014
100503;100501;Amphia Ziekenhuis;Amphia Ziekenhuis Pasteurlaan Oosterhout;Algemeen ziekenhuis;Pasteurlaan 9;4901 DH;Oosterhout;postbus;1;67;4900 AB;Oosterhout;;2014
100504;100501;Amphia Ziekenhuis;Amphia Ziekenhuis Trivium Etten-Leur;Buitenpolikliniek;Trivium 76;4873 LP;Etten-Leur;postbus;0;;;;;2014
100602;100601;Antonius Zorggroep;Antonius Ziekenhuis Emmeloord;Buitenpolikliniek;Urkerweg 4;8303 BX;Emmeloord;postbus;1;5000;8300 GA;Emmeloord;;2014
100601;100601;Antonius Zorggroep;Antonius Ziekenhuis Sneek;Algemeen ziekenhuis;Bolswarderbaan 1;8601 ZK;Sneek;;1;20,000;8600 BA;Sneek;;2014
100702;100701;Atrium Medisch Centrum;Atrium Medisch Centrum Brunssum;Algemeen ziekenhuis;Kochstraat 2;6442 BE;Brunssum;Postbus;1;255;6440 AG;Brunssum;;2014
100701;100701;Atrium Medisch Centrum;Atrium Medisch Centrum Heerlen;Algemeen ziekenhuis;H. Dunantstraat 5;6419 PC;Heerlen;Postbus;1;4446;6401 CX;Heerlen;;2014
100703;100701;Atrium Medisch Centrum;Atrium Medisch Centrum Kerkrade;Algemeen ziekenhuis;Wijngracht 45;6461 AL;Kerkrade;postbus;1;640;6460 AP;Kerkrade;;2014
100801;100801;BovenIJ Ziekenhuis;BovenIJ Ziekenhuis;Algemeen ziekenhuis;Statenjachtstraat 1;1034 CS;Amsterdam;Postbus;1;37610;1030 BD;Amsterdam;;2014
100901;100901;Canisius-Wilhelmina Ziekenhuis;Canisius-Wilhelmina Ziekenhuis;Algemeen ziekenhuis;Weg door Jonkerbos 100;6532 SZ;Nijmegen;Postbus ;1;9015;6500 GS;Nijmegen;;2014
100903;100901;Canisius-Wilhelmina Ziekenhuis;Canisius-Wilhelmina Ziekenhuis Druten;Buitenpolikliniek;Kerkeland 3;6651 KN;Druten;Postbus ;0;;;;;2014
100902;100901;Canisius-Wilhelmina Ziekenhuis;Canisius-Wilhelmina Ziekenhuis Waalsprong;Buitenpolikliniek;Carbatinastraat 4;6679 GM;Oosterhout;Postbus;0;;;;;2014
101001;101001;Catharina Ziekenhuis;Catharina Ziekenhuis;Algemeen ziekenhuis;Michelangelolaan 2;5623 EJ;Eindhoven;Postbus;1;1350;5602 ZA ;Eindhoven;;2014
101101;101101;De Tjongerschans;De Tjongerschans Heerenveen;Algemeen ziekenhuis;Thialfweg 44;8441 PW;Heerenveen;postbus ;1;10500;8440 MA;Heerenveen;;2014
101102;101101;De Tjongerschans;De Tjongerschans Polikliniek Lemmer;Buitenpolikliniek;Van Rijgersmapark 1;8531 JA;Lemmer;Postbus;1;10500;8440 MA;Heerenveen;;2014
101103;101101;De Tjongerschans;De Tjongerschans Polikliniek Steenwijk;Buitenpolikliniek;Mr. Zigher ter Steghestraat 9;8331KG;Steenwijk;Postbus;1;10500;8440 MA;Heerenveen;nieuw;2014
101104;101101;De Tjongerschans;De Tjongerschans Polikliniek Sportstad;Buitenpolikliniek;Abe Lenstra Boulevard 21;8448 JA;Heerenveen;Postbus;1;10500;8440 MA;Heerenveen;nieuw (sinds juli 2013);2014
101201;101201;Ommelander Ziekenhuisgroep;Ommelander Ziekenhuisgroep Delfzicht Ziekenhuis;Algemeen ziekenhuis;Jachtlaan 50;9934 JD;Delfzijl;postbus;1;30,000;9930 RA;Delfzijl;;2014
101202;101201;Ommelander Ziekenhuisgroep;Ommelander Ziekenhuisgroep Lucas Ziekenhuis;Algemeen ziekenhuis;Gassingel 18;9671 CX;Winschoten;;1;30,000;9670 RA;Winschoten;;2014
101203;101201;Ommelander Ziekenhuisgroep;Ommelander Ziekenhuisgroep Buitenpolikliniek Veendam;Buitenpolikliniek;Steenstraat 10;9646 BA;Veendam;;0;;;;;2014
101301;101301;Diaconessenhuis Leiden;Diaconessenhuis Leiden;Algemeen ziekenhuis;Houtlaan 55;2334 CK;Leiden;Postbus;1;9650;2300 RD;Leiden;;2014
101302;101301;Diaconessenhuis Leiden;Diaconessenhuis Leiden dermatologie Hillegom;Buitenpolikliniek;Garbialaan 2;2182 LA;Hillegom;Postbus ;1;9650;2300 RD;Leiden;;2014
101303;101301;Diaconessenhuis Leiden;Diaconessenhuis Leiden dermatologie & gynaecologie Katwijk;Buitenpolikliniek;Cleijn Duinplein 22;2224 AX;Katwijk;postbus;1;9650;2300 RD;Leiden;;2014
101304;101301;Diaconessenhuis Leiden;Diaconessenhuis Leiden dermatologie Sassenheim;Buitenpolikliniek;Rusthofflaan 50a;2171 EX;Sassenheim;Postbus;1;9650;2300 RD;Leiden;;2014
101403;101401;Diakonessenhuis;Diakonessenhuis Buitenpolikliniek Doorn;Buitenpolikliniek;Bergweg 2;3941 RB;Doorn;Postbus;1;39;9100 AA;Dokkum;;2014
101401;101401;Diakonessenhuis;Diakonessenhuis Utrecht;Algemeen ziekenhuis;Bosboomstraat 1;3582 KE;Utrecht;;1;80250;3508 TG;Utrecht;;2014
101402;101401;Diakonessenhuis;Diakonessenhuis Zeist;Algemeen ziekenhuis;Prof. Lorentzlaan 76;3707 HL;Zeist;;1;1002;3700 BA;Zeist;;2014
101701;101701;Elkerliek Ziekenhuis;Elkerliek Ziekenhuis Helmond;Algemeen ziekenhuis;Wesselmanlaan 25;5707 HA;Helmond;Postbus;1;98;5700 AB;Helmond;;2014
101702;101701;Elkerliek Ziekenhuis;Elkerliek Ziekenhuis Deurne;Buitenpolikliniek;Dunantweg 16;5751 CB;Deurne;Postbus;1;98;5700 AB;Helmond;;2014
101703;101701;Elkerliek Ziekenhuis;Elkerliek Ziekenhuis Gemert;Buitenpolikliniek;Julianastraat 2;5421 DB;Gemert;Postbus;1;98;5700 AB;Helmond;;2014
101802;101801;Erasmus Medisch Centrum;Erasmus Medisch Centrum Sophia;Academisch ziekenhuis;Dr. Molenwaterplein 60;3015 GJ;Rotterdam;Postbus;1;2060;3000 CB;Rotterdam;;2014
101803;101801;Erasmus Medisch Centrum;Erasmus Medisch Centrum Daniel den Hoed;Academisch ziekenhuis;Groene hilledijk 301;3075 EA;Rotterdam;postbus ;1;5201;3008 AE;Rotterdam;;2014
101801;101801;Erasmus Medisch Centrum;Erasmus Medisch Centrum;Academisch ziekenhuis;'s-Gravendijkwal 230;3015 CE;Rotterdam;Postbus;1;2040;3000 CA;Rotterdam;;2014
101901;101901;Flevoziekenhuis;Flevoziekenhuis;Algemeen ziekenhuis;Hospitaalweg 1;1315 RA;Almere;Postbus;1;3005;1300 EG ;Almere;;2014
102001;102001;Franciscus Ziekenhuis;Franciscus Ziekenhuis;Algemeen ziekenhuis;Boerhaavelaan 25;4708 AE;Roosendaal;Postbus;1;999;4700 AZ;Roosendaal;;2014
102003;102001;Franciscus Ziekenhuis;Franciscus Ziekenhuis Polikliniek Etten-Leur;Buitenpolikliniek;Schoonhout 215;4872 MC;Etten-Leur;postbus;1;999;4700 AZ;Roosendaal;;2014
102002;102001;Franciscus Ziekenhuis;Franciscus Ziekenhuis Oudenbosch Medisch Centrum;Buitenpolikliniek;West-Vaardeke 11A;4731 MA;Oudenbosch;Postbus;1;999;4700 AZ;Roosendaal;;2014
102103;102101;Gelre Ziekenhuizen;Gelre Ziekenhuizen Apeldoorn;Algemeen ziekenhuis;A. Schweitzerlaan 31;7334 DZ;Apeldoorn;Postbus;1;9014;7300 DS;Apeldoorn;;2014
102101;102101;Gelre Ziekenhuizen;Gelre Ziekenhuizen Zutphen;Algemeen ziekenhuis;Den Elterweg 77;7207 AE;Zutphen;;1;9020;7200 GZ;Zutphen;;2014
102106;102101;Gelre Ziekenhuizen;Gelre Ziekenhuizen Polikliniek Dieren;Buitenpolikliniek;Wilhelminaweg 80AA;6951 BR;Dieren;Postbus;1;9020;7200 GZ;Zutphen;;2014
102105;102101;Gelre Ziekenhuizen;Gelre Ziekenhuizen Polikliniek Epe;Buitenpolikliniek;Willem Tellstraat 17;8162 ET;Epe;postbus;1;9020;7200 GZ;Zutphen;;2014
102104;102101;Gelre Ziekenhuizen;Gelre Ziekenhuizen Polikliniek Lochem;Buitenpolikliniek;Zwiepseweg 105;7241 GR;Lochem;Postbus;1;9020;7200 GZ;Zutphen;;2014
102301;102301;Groene Hart Ziekenhuis;Groene Hart Ziekenhuis Bleulandlocatie;Algemeen ziekenhuis;Bleulandweg 10;2803 HH;Gouda;Postbus;1;1098;2800 BB;Gouda;;2014
102302;102301;Groene Hart Ziekenhuis;Groene Hart Ziekenhuis Jozeflocatie;Algemeen ziekenhuis;Graaf Florisweg 77-79;2805 AH;Gouda;Postbus;1;1098;2800 BB;Gouda;;2014
102303;102301;Groene Hart Ziekenhuis;Groene Hart Ziekenhuis Polikliniek Nieuwerkerk;Buitenpolikliniek;Doortocht 40;2914 KA;Nieuwerkerk a/d IJssel;Postbus;1;1098;2800 BB;Gouda;;2014
102304;102301;Groene Hart Ziekenhuis;Groene Hart Ziekenhuis Polikliniek Schoonhoven;Buitenpolikliniek;Oranjeplaats 21;2871 TL;Schoonhoevn;Postbus;1;1098;2800 BB;Gouda;;2014
102501;102501;Havenziekenhuis;Havenziekenhuis;Algemeen ziekenhuis;Haringvliet 2;3011 TD;Rotterdam;postbus;1;70031;3000 LN;Rotterdam;;2014
102502;102501;Havenziekenhuis;Havenziekenhuis Buitenpoli Krimpen;Buitenpolikliniek;Patrijzenstraat 59;2922 GN;Krimpen aan den IJssel;Postbus;1;70031;3000 LN;Rotterdam;;2014
102601;102601;IJsselland Ziekenhuis;IJsselland Ziekenhuis;Algemeen ziekenhuis;Prins Constantijnweg 2;2906 ZC;Capelle a/d IJssel;Postbus ;1;690;2900 AR;Capelle aan den Ijssel;;2014
102603;102601;IJsselland Ziekenhuis;Ijsselland Ziekenhuis Buitenpolikliniek Krimpen;Buitenpolikliniek;Groenendaal 1;2922 CL;Krimpen a/d Ijssel;Postbus;1;690;2900 AR;Capelle aan den Ijssel;;2014
102602;102601;IJsselland Ziekenhuis;IJsselland Ziekenhuis Buitenpolikliniek Nesselande;Buitenpolikliniek;Cypruslaan 410;3059 XA;Rotterdam;Postbus;1;690;2900 AR;Capelle aan den Ijssel;;2014
102702;102701;MC Groep;IJsselmeer Ziekenhuizen Dokter J.H. Jansenziekenhuis;Algemeen ziekenhuis;Urkerweg 1;8303 BX;Emmeloord;Postbus;1;5000;8300 GA;Emmeloord;;2014
102701;102701;MC Groep;IJsselmeer Ziekenhuizen Zuiderzeeziekenhuis;Algemeen ziekenhuis;Ziekenhuisweg 100;8233 AA;Lelystad;Postbus;1;5000;8200 GA;Lelystad;;2014
102703;102701;MC Groep;IJsselmeer Ziekenhuizen Dronten;Buitenpolikliniek;Het Zwarte Water 77;8253 PD;Dronten;Postbus ;0;;;;;2014
102704;102701;MC Groep;IJsselmeer Ziekenhuizen Urk;Buitenpolikliniek;Vlechttuinen 1g;8322 BA;Urk;;0;;;;;2014
102801;102801;Ikazia Ziekenhuis;Ikazia Ziekenhuis;Algemeen ziekenhuis;Montessoriweg 1;3083 AN;Rotterdam;Postbus;1;5009;3008 AA;Rotterdam;;2014
102802;102801;Ikazia Ziekenhuis;Ikazia Ziekenhuis Buitenpolikliniek Carnisselande;Buitenpolikliniek;Middeldijkerplein 36;2993 DL;Barendrecht;Postbus ;1;5009;3008 AA;Rotterdam;;2014
102803;102801;Ikazia Ziekenhuis;Ikazia Ziekenhuis Buitenpolikliniek Klaaswaal;Buitenpolikliniek;Kerkstaat 20;3286 AK;Klaaswaal;Postbus;1;5009;3008 AA;Rotterdam;;2014
102903;102901;Isala Klinieken;Isala Klinieken Polikliniek Kampen;Buitenpolikliniek;Engelenbergplantsoen 7;8266 AB;Kampen;postbus;1;10500;8000 GM;Zwolle;;2014
102902;102901;Isala Klinieken;Isala Klinieken Sophia;Algemeen ziekenhuis;Dokter van Heesweg 2;8025 AB;Zwolle;;1;10400;8000 GK;Zwolle;;2014
102901;102901;Isala Klinieken;Isala Klinieken Weezenlanden;Algemeen ziekenhuis;Groot Wezenland 20;8011 JW;Zwolle;;1;10500;8000 GM;Zwolle;;2014
102904;102901;Isala Klinieken;Isala Klinieken Polikliniek Heerde***;Buitenpolikliniek;Eperweg 33;8181 ET;Heerde;postbus ;1;10400;8000 GK;Zwolle;;2014
103004;103001;Jeroen Bosch Ziekenhuis;Jeroen Bosch Ziekenhuis Boxtel;Buitenpolikliniek;Liduinahof 35;5281 AD;Boxtel;Postbus;1;10100;5280  GA;Boxtel;;2014
103007;103001;Jeroen Bosch Ziekenhuis;Jeroen Bosch Ziekenhuis 's-Hertogenbosch;Algemeen ziekenhuis;Henri Dunantstraat 1;5223 GZ;'s-Hertogenbosch;;1;90153;5200 ME;'s-Hertogenbosch;;2014
103006;103001;Jeroen Bosch Ziekenhuis;Jeroen Bosch Ziekenhuis Rosmalen;Buitenpolikliniek;De Hoef 90;5242 CN;Rosmalen;Postbus;1;90153;5200 ME;'s-Hertogenbosch;;2014
103005;103001;Jeroen Bosch Ziekenhuis;Jeroen Bosch Ziekenhuis Zaltbommel;Buitenpolikliniek;Kerkstraat 2;5301 EH;Zaltbommel;;1;90153;5200 ME;'s-Hertogenbosch;;2014
103101;103101;Kennemer Gasthuis;Kennemer Gasthuis Zuid;Algemeen ziekenhuis;Boerhaavelaan 22;2035 RC;Haarlem;postbus;;417;2000 AK;Haarlem;;2014
103102;103101;Kennemer Gasthuis;Kennemer Gasthuis Noord;Algemeen ziekenhuis;Vondelweg 999;2026 BW;Haarlem;Postbus;1;417;2000 AK;Haarlem;;2014
103201;103201;Laurentius Ziekenhuis;Laurentius Ziekenhuis;Algemeen ziekenhuis;Mgr. Driessenstraat 6;6043 CV;Roermond;Postbus;1;920;6040 AX;Roermond;;2014
103202;103201;Laurentius Ziekenhuis;Laurentius Buitenpolikliniek Echt;Buitenpolikliniek;Du Commerce 1;6101 DB;Echt;Postbus;1;920;6040 AX;Roermond;;2014
103301;103301;Leids Universitair Medisch Centrum;Leids Universitair Medisch Centrum;Academisch ziekenhuis;Albinusdreef 2;2333 ZA;Leiden;postbus ;1;9600;2300 RC;Leiden;;2014
103402;103401;Martini Ziekenhuis;Martiniziekenhuis buitenpoli Cardiologie;Buitenpolikliniek;Schweitzerlaan 6;9728 NP;Groningen;Postbus;1;30033;9700 RM;Groningen;;2014
103401;103401;Martini Ziekenhuis;Martini Ziekenhuis van Swieten;Algemeen ziekenhuis;Van Swietenlaan 1;9728 NT;Groningen;postbus;1;30033;9700 RM;Groningen;;2014
103502;103501;Máxima Medisch Centrum;Máxima Medisch Centrum Eindhoven;Algemeen ziekenhuis;Ds. Th. Fliednerstraat 1;5631 BM;Eindhoven;Postbus;1;90052;5600 PD;Eindhoven;;2014
103501;103501;Máxima Medisch Centrum;Máxima Medisch Centrum Veldhoven;Algemeen ziekenhuis;de Run 4600;5504 DB;Veldhoven;;1;7777;5500 MB;Veldhoven;;2014
103604;103601;Meander Medisch Centrum;Meander Medisch Centrum Amersfoort;Algemeen ziekenhuis;Maatweg 3;3813 TZ;Amersfoort;Postbus;1;1502;3800 BM;Amersfoort;;2014
103602;103601;Meander Medisch Centrum;Meander Medisch Centrum Baarn;Algemeen ziekenhuis;Molenweg 2;3743 CM;Baarn;Postbus;1;1502;3800 BM;Amersfoort;;2014
103606;103601;Meander Medisch Centrum;Meander Medisch Centrum Barneveld;Buitenpolikliniek;Nederwoudse weg;3772 TD;Barneveld;Postbus;1;1502;3800 BM;Amersfoort;;2014
103606;103601;Meander Medisch Centrum;Meander Medisch Centrum de Mulderij ;Buitenpolikliniek;De Mulderij 2;3831 NV;Leusden;Postbus;1;1502;3800 BM;Amersfoort;;2014
103607;103601;Meander Medisch Centrum;Meander Medisch Centrum Nijkerk**;Buitenpolikliniek;Oranjelaan 83-85;3862 CX;Nijkerk;Postbus;1;1502;3800 BM;Amersfoort;;2014
103605;103601;Meander Medisch Centrum;Meander Medisch Centrum Soest;Buitenpolikliniek;Dalplein 61;3762 BM;Soest;;1;1502;3800 BM;Amersfoort;;2014
103701;103701;MCA Gemini Groep;Medisch Centrum Alkmaar;Algemeen ziekenhuis;Wilhelminalaan 12;1815 JD;Alkmaar;Postbus;1;501;1800 AM;Alkmaar;;2014
103702;103701;MCA Gemini Groep;Gemini Ziekenhuis Gemini Ziekenhuis;Algemeen ziekenhuis;Huisduinerweg 3;1782 GZ;Den Helder;Postbus;1;750;1780 AT;Den Helder;;2014
103704;103701;MCA Gemini Groep;Gemini Ziekenhuis Polikliniek Texel;Buitenpolikliniek;Keesomlaan 6;1791 DC;Den Burg;Postbus;0;;;;;2014
103703;103701;MCA Gemini Groep;Gemini Ziekenhuis Mediance;Buitenpolikliniek;Kaagweg 25;1741 LC;Schagen;Postbus;1;243;1740 AE;Schagen;;2014
103801;103801;Medisch Centrum Haaglanden;Medisch Centrum Haaglanden Antoniushove;Algemeen ziekenhuis;Burgemeester Banninglaan 1;2262 BA;Leidschendam;Postbus;1;411;2260 AK;Leidschendam;;2014
103803;103801;Medisch Centrum Haaglanden;Medisch Centrum Haaglanden Buitenpoli Monster;Buitenpolikliniek;Molenweg 41 ;2681 RE;Monster;postbus ;0;;;;;2014
103802;103801;Medisch Centrum Haaglanden;Medisch Centrum Haaglanden Westeinde;Algemeen ziekenhuis;Lijnbaan 32;2512 VA;'s-Gravenhage;;1;432;2501 CK;s-Gravenhage;;2014
103804;103801;Medisch Centrum Haaglanden;Medisch Centrum Haaglanden Buitenpoli Koninginnegracht;Buitenpolikliniek;Koninginnegracht 94-95 (1e etage);2514 AK ;'s-Gravenhage;;0;;;;;2014
103903;103901;Maasstad ziekenhuis;Maasstad Ziekenhuis;Algemeen ziekenhuis;Maasstadweg 21;3079 DZ;Rotterdam;Postbus;1;9100;3700 AC;Rotterdam;;2014
104001;104001;Medisch Spectrum Twente;Medisch Spectrum Twente Ariënsplein;Algemeen ziekenhuis;Ariensplein 1;7511 JX;Enschede;postbus;1;50,000;7500 KA;Enschede;;2014
104002;104001;Medisch Spectrum Twente;Medisch Spectrum Twente Haaksbergerstraat;Algemeen ziekenhuis;Haaksbergerstraat 55;7513 ER;Enschede;postbus;1;50,000;7500 KA;Enschede;;2014
104004;104001;Medisch Spectrum Twente;Medisch Spectrum Twente Buitenpolikliniek Haaksbergen;Buitenpolikliniek;Wiedenbroeksingel 4;7481 BT;Haaksbergen;postbus;1;50,000;7500 KA;Enschede;;2014
104005;104001;Medisch Spectrum Twente;Medisch Spectrum Twente Buitenpolikliniek Losser;Buitenpolikliniek;Lutterstraat 4;7581 BV;Losser;Postbus;1;50,000;7500 KA;Enschede;;2014
104003;104001;Medisch Spectrum Twente;Medisch Spectrum Twente Oldenzaal;Algemeen ziekenhuis;Pr. Bernhardstraat 17;7573 AM;Oldenzaal;postbus ;1;50,000;7500 KA;Enschede;;2014
104404;104401;Admiraal De Ruyter Ziekenhuis;Admiraal De Ruyter Ziekenhuis Vlissingen;Algemeen ziekenhuis;Koudekerkseweg 88;4382 EE;Vlissingen;;1;3200;4380 DD;Vlissingen;;2014
104401;104401;Admiraal De Ruyter Ziekenhuis;Admiraal De Ruyter Ziekenhuis Goes;Algemeen ziekenhuis;'s-Gravenpolderseweg 114;4462 RA;Goes;Postbus;1;3200;4380 DD;Vlissingen;;2014
104403;104401;Admiraal De Ruyter Ziekenhuis;Admiraal De Ruyter Ziekenhuis Middelburg;Buitenpolikliniek;Noorbolwerk 35;4331 SH;Middelburg;postbus;1;3200;4380 DD;Vlissingen;;2014
104402;104401;Admiraal De Ruyter Ziekenhuis;Admiraal De Ruyter Ziekenhuis Zierikzee;Algemeen ziekenhuis;Koning Gustaafweg 2;4301 NP;Zierikzee;;1;3200;4380 DD;Vlissingen;;2014
104502;104501;Orbis Medisch en Zorgconcern;Orbis Medisch en Zorgconcern Buitenpoli De Egthe;Buitenpolikliniek;De Egthe 1;6101 EX;Echt;Postbus;1;5500;6130 MB;Sittard;;2014
104501;104501;Orbis Medisch en Zorgconcern;Orbis Medisch en Zorgconcern Maaslandziekenhuis;Algemeen ziekenhuis;Dr. H. van der Hoffplein 1;6162 BG;Sittard-Geleen;;1;5500;6130 MB;Sittard;;2014
104602;104601;Pantein;Maasziekenhuis Pantein;Algemeen ziekenhuis;Dokter Kopstraat 11;5835 DV;Beugen;Postbus;1;55;5830 AB;Boxmeer;;2014
104809;104801;Stichting Reinier Haga Groep;Stichting Reinier Haga Groep Reinier de Graaf Gasthuis;Algemeen ziekenhuis;Reinier de Graafweg 3-11;2625 AD;Delft;postbus;1;5011;2600 GA;Delft;;2014
104804;104801;Stichting Reinier Haga Groep;Stichting Reinier Haga Groep Naaldwijk;Buitenpolikliniek;Middelbroekweg 2a;2671 ME;Naaldwijk;postbus ;0;;;;;2014
104807;104801;Stichting Reinier Haga Groep;Stichting Reinier Haga Groep HagaZiekenhuis Wateringse Veld;Buitenpolikliniek;Dublinweg 1;2548 TM;'s-Gravenhage;Postbus;0;;;;;2014
104803;104801;Stichting Reinier Haga Groep;Stichting Reinier Haga Groep Ypenburg;Buitenpolikliniek;Kiekendiefstraat 17;2496 RP;'s-Gravenhage;;0;;;;;2014
104805;104801;Stichting Reinier Haga Groep;Stichting Reinier Haga Groep HagaZiekenhuis Leyenburg;Algemeen ziekenhuis;Leyweg 275;2545 CH;'s-Gravenhage;;1;40551;2504 LN;'s-Gravenhage;;2014
104806;104801;Stichting Reinier Haga Groep;Stichting Reinier Haga Groep HagaZiekenhuis Sportlaan;Algemeen ziekenhuis;Sportlaan 600;2566 MJ;'s-Gravenhage;;1;60605;2506 LP;'s-Gravenhage;;2014
104808;104801;Stichting Reinier Haga Groep;Stichting Reinier Haga Groep HagaZiekenhuis Juliana;Algemeen ziekenhuis;Sportlaan 600;2566 MJ;'s-Gravenhage;;1;60605;2506 LP;'s-Gravenhage;;2014
104802;104801;Stichting Reinier Haga Groep;Stichting Reinier Haga Groep Diaconessenhuis Voorburg;Algemeen ziekenhuis;Fonteynenburghlaan 5;2275 CX;Voorburg;;0;;;;;2014
104901;104901;Rijnland Ziekenhuis;Rijnland Ziekenhuis Leiderdorp;Algemeen ziekenhuis;Simon Smitweg 1;2353 GA;Leiderdorp;Postbus;1;4220;2350;Leiderdorp;;2014
104902;104901;Rijnland Ziekenhuis;Rijnland Ziekenhuis Alphen aan den Rijn;Algemeen ziekenhuis;Metoorlaan 4;2402 WC;Alphen a/d Rijn;postbus;1;4220;2350;Leiderdorp;;2014
105001;105001;Rivas Zorggroep;Rivas Zorggroep Beatrixziekenhuis;Algemeen ziekenhuis;Banneweg 57;4204 AA;Gorinchem;Postbus;1;90;4200 AB;Gorinchem;;2014
105002;105001;Rivas Zorggroep;Rivas Zorggroep Lingepolikliniek;Buitenpolikliniek;Koningin Emmalaan 82;4141 EE;Leerdam;Postbus;1;90;4200 AB;Gorinchem;;2014
105101;105101;Rode Kruis Ziekenhuis;Rode Kruis Ziekenhuis Beverwijk;Algemeen ziekenhuis;Vondellaan 13;1942 LE;Beverwijk;Postbus;1;1074;1094 EB;Beverwijk;;2014
105102;105101;Rode Kruis Ziekenhuis;Rode Kruis Ziekenhuis Polikliniek Heemskerk;Buitenpolikliniek;Mozartstraat 91;1962 AB;Heemskerk;postbus;0;;;;;2014
105201;105201;Ruwaard Van Putten Ziekenhuis;Ruwaard Van Putten Ziekenhuis;Algemeen ziekenhuis;Ruwaard van Puttenweg 500;3201 GZ;Spijkenisse;;1;777;3200 GA;Spijkenisse;;2014
105202;105201;Ruwaard Van Putten Ziekenhuis;Ruwaard Van Putten Ziekenhuis Buitenpoli Hoogvliet;Buitenpolikliniek;Stelle 2-12;3191 KE;Hoogvliet;Postbus;0;;;;;2014
105203;105201;Ruwaard Van Putten Ziekenhuis;Ruwaard Van Putten Ziekenhuis Buitenpoli Rozenburg;Buitenpolikliniek;Blankenburg 6;3181 BC;Rozenburg;postbus;0;;;;;2014
105301;105301;Saxenburgh Groep;Saxenburgh Groep Ziekenhuis Röpcke Zweers*;Algemeen ziekenhuis;Jan Weitkamplaan 4a;7772 SE;Hardenberg;Postbus;1;1;7770 AA;Hardenberg;;2014
105302;105301;Saxenburgh Groep;Saxenburgh Groep Dagziekenhuis Aleida Kramer;Buitenpolikliniek;M. van de Thijnensingel 1;7741 GB;Coevorden;Postbus;1;1;7770 AA;Hardenberg;;2014
105303;105301;Saxenburgh Groep;Saxenburgh Groep Polikliniek Ommen*;Buitenpolikliniek;Van Reeuwijkstraat 50 ;7731 EH;Ommen;postbus ;1;1;7770 AA;Hardenberg;;2014
105304;105301;Saxenburgh Groep;Saxenburgh Groep Polikliniek Slagharen;Buitenpolikliniek;Anton Geerdesplein 6  ;7776 BD;Slagharen;;1;1;7770 AA;Hardenberg;;2014
105305;105301;Saxenburgh Groep;Saxenburgh Groep Polikliniek Westhaar;Buitenpolikliniek;Beeklaan 1;7676 BC;Westerhaar;;1;1;7770 AA;Hardenberg;;2014
105402;105401;Slingeland Ziekenhuis;Slingeland Ziekenhuis;Buitenpolikliniek;Gezellenlaan 10;7005 AZ;Doetiechwm;postbus;1;169;7000 AD;Doetinchem;;2014
105401;105401;Slingeland Ziekenhuis;Slingeland Ziekenhuis;Algemeen ziekenhuis;Kruisbergseweg 25;7009 BL;Doetinchem;Postbus;1;169;7000 AD;Doetinchem;;2014
105501;105501;Slotervaartziekenhuis;Slotervaartziekenhuis;Algemeen ziekenhuis;Louwesweg 6;1066 EC;Amsterdam;Postbus;1;90440;1006 BK;Amsterdam;;2014
105606;105601;Spaarne Ziekenhuis;Spaarne Ziekenhuis Polikliniek Hillegom*;Buitenpolikliniek;Abellalaan 1;2182 TX;Hillegom;Postbus ;1;770;2130 AT;Hoofddorp;nieuw adres sinds 17 maart 2014;2014
105601;105601;Spaarne Ziekenhuis;Spaarne Ziekenhuis Hoofddorp;Algemeen ziekenhuis;Spaarnepoort 1;2134 TM;Hoofddorp;Postbus;1;770;2130 AT;Hoofddorp;;2014
105603;105601;Spaarne Ziekenhuis;Spaarne Ziekenhuis Heemstede;Buitenpolikliniek;Händellaan 2;2102 CW;Heemstede;Postbus;1;770;2130 AT;Hoofddorp;;2014
105605;105601;Spaarne Ziekenhuis;Spaarne ziekenhuis Nieuw Vennep;Buitenpolikliniek;Lucas Bolsstraat 10;2152 CZ;Nieuw Vennep;Postbus;1;770;2130 AT;Hoofddorp;;2014
105702;105701;Sint Anna Zorggroep;Sint Anna Ziekenhuis Eindhoven;Buitenpolikliniek;Antoon Coolenlaan 1-03;5644 RX;Eindhoven;Postbus;1;90;5660 AB ;Geldrop;;2014
105701;105701;Sint Anna Zorggroep;Sint Anna Ziekenhuis;Algemeen ziekenhuis;Bogardeind 2;5664 EH;Geldrop;Postbus;1;90;5660 AB ;Geldrop;;2014
105801;105801;Sint Antonius Ziekenhuis;Sint Antonius Ziekenhuis Nieuwegein;Algemeen ziekenhuis;Koekoekslaan 1;3435 CM;Nieuwegein;Postbus;1;2500;3430 EM;Nieuwegein;;2014
105804;105801;Sint Antonius Ziekenhuis;Sint Antonius Ziekenhuis Polikliniek Houten;Buitenpolikliniek;Hollandsspoor 5;3994 VT;Houten;postbus;1;2500;3430 EM;Nieuwegein;;2014
105808;105801;Sint Antonius Ziekenhuis;Sint Antonius Ziekenhuis Polikliniek Overvecht;Buitenpolikliniek;Neckardreef 6;3562 CN;Utrecht;;1;2500;3430 EM;Nieuwegein;;2014
105806;105801;Sint Antonius Ziekenhuis;Sint Antonius Ziekenhuis Utrecht;Algemeen ziekenhuis;Soestwetering 1;3543 AZ;Utrecht;;1;2500;3430 EM;Nieuwegein;;2014
105807;105801;Sint Antonius Ziekenhuis;Sint Antonius Ziekenhuis Kaakchirurgie;Buitenpolikliniek;Van Lawick van Pabstlaan 12;3453 RB;Utrecht;;1;2500;3430 EM;Nieuwegein;;2014
105901;105901;Sint Elisabeth Ziekenhuis;Sint Elisabeth Ziekenhuis;Algemeen ziekenhuis;Hilvarenbeekseweg 60;5022 GC;Tilburg;;1;90151;5000 LC;Tilburg;;2014
106102;106101;Sint Jans Gasthuis;Sint Jans Gasthuis Buitenpoli Budel;Buitenpolikliniek;Grensweg 1;6021 JW;Budel;postbus;0;;;;;2014
106101;106101;Sint Jans Gasthuis;Sint Jans Gasthuis;Algemeen ziekenhuis;Vogelsbleek 5;6001 BE;Weert;;0;;;;;2014
106201;106201;Ziekenhuis Sint Jansdal;Ziekenhuis Sint Jansdal;Algemeen ziekenhuis;Weth. Jansenlaan 90;3844 DG;Harderwijk;Postbus;1;138;3840 AC;Harderwijk;;2014
106202;106201;Ziekenhuis Sint Jansdal;Ziekenhusi Sint Jansdal Polikliniek Dronten;Buitenpolikliniek;Het Zwarte Water 77-83;8253 PD;Dronten;Postbus ;1;138;3840 AC;Harderwijk;;2014
106203;106201;Ziekenhuis Sint Jansdal;Ziekenhuis Sint Jansdal Polikliniek Nijkerk;Buitenpolikliniek;Henri Nouwenstraat 18;3863 HV;Nijkerk;Postbus;1;138;3840 AC;Harderwijk;;2014
106304;106301;Sint Lucas Andreas Ziekenhuis;Sint Lucas Andreas Ziekenhuis;Algemeen ziekenhuis;Jan Tooropstraat 164;1061 AE;Amsterdam;Postbus;1;9243;1006 AE;Amsterdam;;2014
106301;106301;Onze Lieve Vrouwe Gasthuis;Onze Lieve Vrouwe Gasthuis Oosterpark;Algemeen ziekenhuis;Oosterpark 9;1091 AC;Amsterdam;Postbus;1;95500;1090 HM;Amsterdam;;2014
106302;106301;Onze Lieve Vrouwe Gasthuis;Onze Lieve Vrouwe Gasthuis Prinsengracht;Algemeen ziekenhuis;Prinsengracht 769;1017 JZ;Amsterdam;Postbus;1;95500;1090 HM;Amsterdam;;2014
106303;106301;Onze Lieve Vrouwe Gasthuis;Onze Lieve Vrouwe Gasthuis IJburg;Buitenpolikliniek;IJburglaan 727;1087 CH;Amsterdam;Postbus;0;;;;;2014
106501;106501;Stichting Bronovo-Nebo;Stichting Bronovo-Nebo Ziekenhuis Bronovo;Algemeen ziekenhuis;Bronovolaan 5;2597 AX;'s-Gravenhage;Postbus;1;96900;2509 JH;Den Haag;;2014
106503;106501;Stichting Bronovo-Nebo;Stichting Bronovo-Nebo Buitenpoli Statenkwartier;Buitenpolikliniek;President Kennedylaan 15;2517 JK;Den Haag;Postbus;0;;;;;2014
106602;106601;Nij Smellinghe;Nij Smellinghe;Algemeen ziekenhuis;Compagnonsplein 1;9202 NN;Drachten;Postbus ;1;20200;9200 DA;Drachten;;2014
106601;106601;Pasana Zorggroep;Pasana Zorggroep Ziekenhuis de Sionsberg;Algemeen ziekenhuis;Birdaarderstraatweg 70;9101 DC;Dokkum;Postbus;1;39;9100 AA;Dokkum;;2014
106702;106701;Stichting Deventer Ziekenhuisgroep;Stichting Deventer Ziekenhuisgroep Rielerenk;Algemeen ziekenhuis;Nico Bolkesteinlaan 75;7416 SE;Deventer;Postbus;1;5001;7400 GC ;Deventer;;2014
106703;106701;Stichting Deventer Ziekenhuisgroep;Stichting Deventer Ziekenhuisgroep Polikliniek Raalte;Buitenpolikliniek;Vrieswijk 6b;8103 PB;Raalte;postbus;0;;;;;2014
106704;106701;Stichting Deventer Ziekenhuisgroep;Stichting Deventer Ziekenhuisgroep Polikliniek Rijssen;Buitenpolikliniek;Wijnand Zeeuwstraat 26-101;7462 DE;Rijssen;postbus;0;;;;;2014
106802;106801;Stichting het Van Weel-Bethesda Ziekenhuis;Stichting het Van Weel-Bethesda Dirksland;Algemeen ziekenhuis;Stationsweg 22;3247 BW;Dirksland;Postbus;1;153;3240 AD;Middel Harnis;;2014
106803;106801;Stichting het Van Weel-Bethesda Ziekenhuis;Stichting het Van Weel-Bethesda Brielle;Buitenpolikliniek;Amer 21;3232 HA;Brielle;Postbus;0;;;;;2014
106801;106801;Stichting het Van Weel-Bethesda Ziekenhuis;Stichting het Van Weel-Bethesda Hellevoetsluis;Buitenpolikliniek;Vliet 4;3224 HE;Hellevoetsluis;Postbus;0;;;;;2014
106901;106901;Tergooiziekenhuizen;Tergooiziekenhuizen Hilversum;Algemeen ziekenhuis;van Riebeeckweg 212;1213 XZ;Hilversum;Postbus;1;10016;1201 DA;Hilversum;;2014
106902;106901;Tergooiziekenhuizen;Tergooiziekenhuizen Gooi-Noord;Algemeen ziekenhuis;Rijksstraatweg 1;1261 AN;Blaricum;Postbus;1;10016;1201 DA;Hilversum;;2014
106903;106901;Tergooiziekenhuizen;Tergooiziekenhuizen Buitenpoli Weesp;Buitenpolikliniek;C.J. van Houtenlaan;1381 CN;Weesp;;0;;;;;2014
107001;107001;Stichting Ziekenhuis Lievensberg;Stichting Ziekenhuis Lievensberg;Algemeen ziekenhuis;Boerhaaveplein 1;4624 VT;Bergen Op Zoom;Postbus;1;135;4600 AC;Bergen op Zoom;;2014
107002;107001;Stichting Ziekenhuis Lievensberg;Stichting Ziekenhuis Lievensberg Polikliniek Steenbergen;Buitenpolikliniek;Lindenburghlaan 7;4651 TM;Steenbergen;;0;;;;;2014
107101;107101;Streekziekenhuis Koningin Beatrix;Streekziekenhuis Koningin Beatrix;Algemeen ziekenhuis;Beatrixpark 1;7101 BN;Winterswijk;;1;9005;7100 GG;Winterswijk;;2014
107104;107101;Streekziekenhuis Koningin Beatrix;Streekziekenhuis Koningin Beatrix Buitenpoli Eibergen;Buitenpolikliniek;Willem Sluyterstraat 6;7151 DW;Eibergen;Postbus;0;;;;;2014
107103;107101;Streekziekenhuis Koningin Beatrix;Streekziekenhuis Koningin Beatrix Buitenpoli Groenlo;Buitenpolikliniek;Buitenschans 70;7141 EL;Groenlo;Postbus;0;;;;;2014
107102;107101;Streekziekenhuis Koningin Beatrix;Streekziekenhuis Koningin Beatrix Buitenpoli Lichtenvoorde;Buitenpolikliniek;Van de Meer de Walcherenstraat 2c;7131 EN;Lichtenvoorde;Postbus;0;;;;;2014
107202;107201;'t Lange Land Ziekenhuis;t Lange Land Ziekenhuis Polikliniek Bergschenhoek;Buitenpolikliniek;Tjeerd Kuipersstraat 17;2662 GM;Bergschenhoek;Postbus;0;;;;;2014
107201;107201;'t Lange Land Ziekenhuis;'t Lange Land Ziekenhuis;Algemeen ziekenhuis;Toneellaan 1;2725 NA;Zoetermeer;;1;3015;2700 KJ;Zoetermeer;;2014
107301;107301;TweeSteden ziekenhuis;TweeSteden ziekenhuis Tilburg;Algemeen ziekenhuis;Dr. Deelenlaan 5;5042 AD;Tilburg;;1;90107;5000 LA;Tilburg;;2014
107303;107301;TweeSteden ziekenhuis;TweeSteden ziekenhuis Poli Oisterwijk;Buitenpolikliniek;Moergestelseweg 32G;5062 JW;Oisterwijk;postbus;0;;;;;2014
107302;107301;TweeSteden ziekenhuis;TweeSteden ziekenhuis Waalwijk;Algemeen ziekenhuis;Kasteellaan 2;5141 BM;Waalwijk;;1;90107;5000 LA;Tilburg;;2014
107401;107401;Universitair Medisch Centrum Groningen;Universitair Medisch Centrum Groningen;Academisch ziekenhuis;Hanzeplein 1;9713 GZ;Groningen;Postbus;1;30,001;9700 RB;Groningen;;2014
107402;107401;Universitair Medisch Centrum Groningen;Universitair Medisch Centrum Groningen Beatrixoord;Buitenpolikliniek;Dilgtweg 5;9751 ND;Haren;Postbus;1;30,002;9750 RA;Haren;;2014
107501;107501;Universitair Medisch Centrum Sint Radboud;Universitair Medisch Centrum Sint Radboud;Academisch ziekenhuis;G. Grooteplein-Zuid 10;6525 GA;Nijmegen;Postbus;1;9101;6500 HB;Nijmegen;;2014
107601;107601;Universitair Medisch Centrum Utrecht;Universitair Medisch Centrum Utrecht;Academisch ziekenhuis;Heidelberglaan 100;3584 CX;Utrecht;;1;85500;3508 GA;Utrecht;;2014
107602;107601;Universitair Medisch Centrum Utrecht;Universitair Medisch Centrum Utrecht Wilhelmina Kinderziekenhuis;Academisch ziekenhuis;Lundlaan 6;3584 EA;Utrecht;;1;85090;3508 AB;Utrecht;;2014
107701;107701;VieCuri Medisch Centrum;VieCuri Medisch Centrum Venlo;Algemeen ziekenhuis;Tegelseweg 210;5912 BL;Venlo;;1;1926;5900 BX;Venlo;;2014
107703;107701;VieCuri Medisch Centrum;VieCuri Medisch Centrum Polikliniek Horst;Buitenpolikliniek;Westsingel 100;5961 DH;Horst;postbus;1;1926;5900 BX;Venlo;;2014
107704;107701;VieCuri Medisch Centrum;VieCuri Medisch Centrum Polikliniek Peel en Maas;Buitenpolikliniek;John F. Kennedylaan 321;5981 WZ;Panningen;Postbus;1;1926;5900 BX;Venlo;;2014
107702;107701;VieCuri Medisch Centrum;VieCuri Medisch Centrum Venray;Algemeen ziekenhuis;Merseloseweg 130;5801CE;Venray;;1;1926;5900 BX;Venlo;;2014
107805;107801;Sint Franciscus / Vlietland Groep;Sint Franciscus Gasthuis;Algemeen ziekenhuis;Kleiweg 500;3045 PM;Rotterdam;postbus;1;10900;3004 BA;Rotterdam;;2014
107801;107801;Sint Franciscus / Vlietland Groep;Vlietland Ziekenhuis Schiedam;Algemeen ziekenhuis;Vlietlandplein 2;3118 JH;Schiedam;Postbus;1;215;3100 AE;Schiedam;;2014
107804;107801;Sint Franciscus / Vlietland Groep;Sint Franciscus Gasthuis Berkel;Algemeen ziekenhuis;Boerhaavestraat 19;2652 EP;Berkel Rodenrijs;Postbus;0;;;;;2014
107803;107801;Sint Franciscus / Vlietland Groep;Vlietland Ziekenhuis Buitenpolikliniek Maassluis;Buitenpolikliniek;De Vloot 206;3144 PK;Maassluis;Postbus;1;215;3100 AE;Schiedam;;2014
107901;107901;VU Medisch Centrum;VU Medisch Centrum;Academisch ziekenhuis;de Boelelaan 1117;1081 HV;Amsterdam;Postbus;0;;;;;2014
108001;108001;Waterlandziekenhuis;Waterlandziekenhuis;Algemeen ziekenhuis;Waterlandlaan 250;1441 RN;Purmerend;postbus;1;250;1440 AG;Purmerend;;2014
108002;108001;Waterlandziekenhuis;Waterlandziekenhuis Behandelcentrum Waterland-Oost;Buitenpolikliniek;Heideweg 1b;1132 DA;Volendam;;1;250;1440 AG;Purmerend;;2014
108101;108101;Westfries Gasthuis;Westfries Gasthuis;Algemeen ziekenhuis;Fr. Maelsonstraat 3;1624 NP;Hoorn Nh;postbus;1;600;1620 AR;Hoorn;;2014
108102;108101;Westfries Gasthuis;Westfries Gasthuis Enkhuizen;Buitenpolikliniek;Vijzelstraat 24;1601 NK;Enkhuizen;Postbus;0;;;;;2014
108103;108101;Westfries Gasthuis;Westfries Gasthuis Heerhugowaard;Buitenpolikliniek;Middenwaard 45;1703 SC;Heerhugowaard;Postbus;0;;;;;2014
108202;108201;Wilhelmina Ziekenhuis Assen;Het Medisch Centrum Wilhelmina;Buitenpolikliniek;Borgstee 15;9403 TS;Assen;Postbus ;1;30001;9400 RA;Assen;;2014
108201;108201;Wilhelmina Ziekenhuis Assen;Wilhelmina Ziekenhuis Assen;Algemeen ziekenhuis;Europaweg-Zuid 1;9401 RK;Assen;Postbus ;1;30001;9400 RA;Assen;;2014
108301;108301;Zaans Medisch Centrum;Zaans Medisch Centrum;Algemeen ziekenhuis;Koningin Julianaplein 58;1502 DV;Zaandam;;1;210;1500 EE;Zaandam;;2014
108302;108301;Zaans Medisch Centrum;Zaans Medisch Centrum Polikliniek Saendelft;Buitenpolikliniek;Kaaikhof 69;1567 JP;Assendelft;Postbus;0;;;;;2014
108401;108401;Ziekenhuis Amstelland;Ziekenhuis Amstelland;Algemeen ziekenhuis;Laan van de Helende Meesters 8;1186 AM;Amstelveen;Postbus;1;328;1180 AH;Amstelveen;;2014
108402;108401;Ziekenhuis Amstelland;Ziekenhuis Amstelland Buitenpolikliniek Uithoorn;Buitenpolikliniek;de Merodelaan 2;1422 GC;Uithoorn;;1;328;1180 AH;Amstelveen;;2014
108503;108501;Ziekenhuis Bernhoven;Ziekenhuis Bernhoven Uden;Algemeen ziekenhuis;Nistelrodeseweg 10;5406 PT;Uden;;1;707;5400 AS;Uden;;2014
108501;108501;Ziekenhuis Bernhoven;Ziekenhuis Bernhoven Oss;Algemeen ziekenhuis;J. Zwijssenlaan 121;5342 BT;Oss;postbus;0;;;;;2014
108601;108601;Ziekenhuis De Gelderse Vallei;Ziekenhuis De Gelderse Vallei Ede;Algemeen ziekenhuis;Willy Brandtlaan 10;6716 RP;Ede;Postbus;1;9025;6716 RP;Ede;;2014
108602;108601;Ziekenhuis De Gelderse Vallei;Ziekenhuis De Gelderse Vallei Barneveld;Buitenpolikliniek;Klaverweide 1a;3773 AW;Barneveld;Postbus;0;;;;;2014
108603;108601;Ziekenhuis De Gelderse Vallei;Ziekenhuis De Gelderse Vallei Veenendaal*;Buitenpolikliniek;Spoorlaan 5;3903 XS;Veenendaal;;0;;;;;2014
108604;108601;Ziekenhuis De Gelderse Vallei;Ziekenhuis De Gelderse Vallei Wageningen;Buitenpolikliniek;Plantsoen 57b;6701 AS;Wageningen;;0;;;;;2014
108701;108701;Ziekenhuis Rivierenland;Ziekenhuis Rivierenland;Algemeen ziekenhuis;Pres. Kennedylaan 1;4002 WP;Tiel;;1;6024;4000 HA;Tiel;;2014
108703;108701;Ziekenhuis Rivierenland;Ziekenhuis Rivierenland Waterpoort Polikliniek Beneden Leeuwen;Buitenpolikliniek;Beatrixstraat 20;6658 EK;Beneden Leeuwen;postbus;0;;;;;2014
108702;108701;Ziekenhuis Rivierenland;Ziekenhuis Rivierenland Barbara Polikliniek;Buitenpolikliniek;Elisabethdreef 4;4101 KL;Culemborg;Postbus;0;;;;;2014
108803;108801;ZorgSaam Zeeuws-Vlaanderen;Ziekenhuis Zeeuws-Vlaanderen Liduina;Buitenpolikliniek;Lyceumstraat 20;4561 HV;Hulst;postbus;0;;;;;2014
108804;108801;ZorgSaam Zeeuws-Vlaanderen;Ziekenhuis Zeeuws-Vlaanderen Kliniek Hulst;Algemeen ziekenhuis;Truffinoweg 124;4561 NT;Hulst;postbus;0;;;;;2014
108802;108801;ZorgSaam Zeeuws-Vlaanderen;Ziekenhuis Zeeuws-Vlaanderen Antonius;Algemeen ziekenhuis;Pastoor van Genklaan 6;4501 AJ;Oostburg;postbus;0;;;;;2014
108801;108901;ZorgSaam Zeeuws-Vlaanderen;Ziekenhuis Zeeuws-Vlaanderen De Honte;Algemeen ziekenhuis;Wielingenlaan 2;4535 PA;Terneuzen;;0;;;;;2014
109002;109001;Ziekenhuisgroep Twente;Ziekenhuisgroep Twente Twenteborg Ziekenhuis;Algemeen ziekenhuis;Zilvermeeuw 1;7609 PP;Almelo;Postbus;1;7600;7600 SZ;Almelo;;2014
109001;109001;Ziekenhuisgroep Twente;Ziekenhuisgroep Twente Midden-Twente;Algemeen ziekenhuis;Geerdinksweg 141;7555 DL;Hengelo Ov;Postbus;1;546;7550 AM;Hengelo;;2014
109004;109001;Ziekenhuisgroep Twente;Ziekenhuisgroep Twente Buitenpolikliniek Goor;Buitenpolikliniek;Irisstraat 2-24;7471 AV;Goor;postbus;0;;;;;2014
109003;109001;Ziekenhuisgroep Twente;Ziekenhuisgroep Twente Medisch Centrum Nijverdal;Buitenpolikliniek;Nijkerkendijk 38;7442 LS;Nijverdal;postbus;0;;;;;2014
109101;109101;Zorgcombinatie Noorderboog;Zorgcombinatie Noorderborg Diaconessenhuis Meppel;Algemeen ziekenhuis;Hoogeveenseweg 38;7943 KA;Meppel;Postbus;1;502;7940 AM;Meppel;;2014
109103;109101;Zorgcombinatie Noorderboog;Zorgcombinatie Noorderborg Polikliniek Dwingeloo;Buitenpolikliniek;Entingheweg 18a;7991 CC;Dwingeloo;Postbus ;0;;;;;2014
109104;109101;Zorgcombinatie Noorderboog;Zorgcombinatie Noorderborg Polikliniek Ruinen;Buitenpolikliniek;Zwederaweg 3;7963 BR;Ruinen;Postbus;0;;;;;2014
109102;109101;Zorgcombinatie Noorderboog;Zorgcombinatie Noorderborg Polikliniek Steenwijk**;Buitenpolikliniek;Sluisweg 2;8332 JC;Steenwijk;;0;;;;;2014
109201;109201;Zorgpartners Friesland;Zorggroep Noorderbreedte MCL;Algemeen ziekenhuis;H. Dunantweg 2;8934 AD;Leeuwarden;postbus ;1;888;8901 BR;Leeuwarden;;2014
109202;109201;Zorgpartners Friesland;Zorggroep Noorderbreedte MCL Harlingen;Buitenpolikliniek;Achlumerdijk 2;8862 AJ;Harlingen;postbus;1;888;8901 BR;Leeuwarden;;2014
109301;109301;Zorggroep Leveste Middenveld;Leveste Scheperziekenhuis;Algemeen ziekenhuis;Boermarkeweg 60;7824 AA;Emmen;Postbus;1;30002;7800 RA;Emmen;;2014
109302;109301;Zorggroep Leveste Middenveld;Ziekenhuis Bethesda Hoogeveen;Algemeen ziekenhuis;Dr. G.H. Amshoffweg 1;7909 AA;Hoogeveen;Postbus;1;30,000;7900 RA;Hoogeveen;;2014
109303;109301;Zorggroep Leveste Middenveld;Refaja Ziekenhuis Stadskanaal;Algemeen ziekenhuis;Boerhaavestraat 1;9501 HE;Stadskanaal;;1;109;9500 AC;Stadskanaal;;2014
109304;109301;Zorggroep Leveste Middenveld;Refaja Ziekenhuis Buitenpoli Veendam;Buitenpolikliniek;Kaap de Goede Hoop 1;9642 AP;Veendam;;0;;;;;2014
109401;109401;Zuwe;Zuwe Hofpoort Ziekenhuis;Algemeen ziekenhuis;Polanerbaan 2;3447 GN;Woerden;;1;8000;3440 JD;Woerden;;2014
109402;109401;Zuwe;Zuwe Polikliniek De Ronde Venen;Buitenpolikliniek;Hoofdweg 1;3641 PN;Mijdrecht;Postbus ;0;;;;;2014
109403;109401;Zuwe;Zuwe Zorgpoort Leidsche Rijn;Buitenpolikliniek;Middenburcht 116;3452 MT;Vleuten;;0;;;;;2014
109601;109601;Medisch Centrum Amstelveen;Medisch Centrum Amstelveen;Algemeen ziekenhuis;Burgemeester Haspelslaan 131;1181 NC;Amstelveen;Postbus;1;925;1180 AX;Amstelveen;;2014
